dog_feelings,2023-03-23 16:26:45,"RT @dog_rates: In honor of #NationalPuppyDay, please reply with a pic of your puppy (every dog is a puppy) ‚ù§Ô∏è"
dog_feelings,2023-03-22 17:51:15,@dog_rates love. and loss
dog_feelings,2023-03-07 22:33:49,RT @deberlin88: Probably my all-time favorite Tweet. @dog_feelings https://t.co/tFHhtRKrYI
dog_feelings,2023-02-14 16:03:08,"reasons. i should be your valentine: 

6. lots of cuddle experience
2. i have been told. i am cute
9. i will protect you. from evildoers 
3. convenience. i am right here
5. i don‚Äôt have a valentine yet"
dog_feelings,2023-02-12 19:10:00,once again. i was not drafted for the puppy bowl. apparently. i am a little too big. regardless. i am watching from the couch. and hope both teams have fun
dog_feelings,2023-02-09 20:00:50,RT @profmdoherty: Such perception in one so young @dog_feelings https://t.co/egvyMxRnrf
dog_feelings,2023-02-05 23:51:15,@NewMoonCrone he is. so fancy
dog_feelings,2023-02-05 23:51:10,"RT @NewMoonCrone: Early Valentine‚Äôs Day 

Dexter &amp; Sebastian, 
together again ‚ù§Ô∏èüêæüéÅ 
@dog_feelings https://t.co/P6fZX5sqBl"
dog_feelings,2023-02-01 01:28:55,"i am going to be. very honest

i deserve endless love and affection"
dog_feelings,2023-01-25 17:44:42,@kevinlove_ omg the missing ear ü•π
dog_feelings,2023-01-25 17:29:40,"unboxing. my stuffed fren sebastian 

valentine‚Äôs edition available now ‚ù§Ô∏è
https://t.co/1lOUGkOf5P https://t.co/e0UYnYGyQ2"
dog_feelings,2023-01-23 13:03:29,love is real. and it‚Äôs cuddles in the morning. it‚Äôs alternating yawns. it‚Äôs one reeeally big stretch. as the sun begins to spill across the household
dog_feelings,2023-01-17 17:02:44,the human only brought one little bag. on our walk. so naturally. i had to poop twice. they are in shambles
dog_feelings,2023-01-09 17:42:34,the human is using a lint roller. directly on my body. they call this. going straight to the source
dog_feelings,2023-01-01 01:33:09,RT @dog_feelings: i heard there is a ball dropping later. does anybody have the details? i am interested in that
dog_feelings,2022-12-31 18:34:55,the best thing i did. this entire year. was love you
dog_feelings,2022-12-31 03:09:35,RT @dog_rates: The Dogs of 2022 https://t.co/jiDzh4GhHg
dog_feelings,2022-12-30 17:11:53,the human and i. watched this together. and i don‚Äôt think they‚Äôre going to stop hugging me. anytime soon https://t.co/lf3L4QRvGn
dog_feelings,2022-12-25 01:59:27,RT @dog_feelings: SOMEONE LEFT A FULL PLATE OF COOKIES. AND A GLASS OF MILK. RIGHT BY THE FIREPLACE FOR ME. I AM NOT KIDDING. WHAT A NIGHT
dog_feelings,2022-12-19 18:41:00,@akleinberg21 @dog_rates @Trupanion omg ü•∞
dog_feelings,2022-12-19 17:29:33,@dog_rates @Trupanion https://t.co/fhpdZJYxud
dog_feelings,2022-12-17 23:26:59,RT @dog_feelings: i have spent the whole day. watching the human make a gingerbread house. the final touch. was a little icing dog. staring‚Ä¶
dog_feelings,2022-12-07 22:19:03,@NDNorm1996 i‚Äôm so sorry ‚ù§Ô∏è https://t.co/hVZUuCTiOH
dog_feelings,2022-12-07 17:52:32,@Alyssa_Day the box tells the story. of how i met. my stuffed fren sebastian
dog_feelings,2022-12-07 03:12:31,@confectionsmd ‚ù§Ô∏è‚ù§Ô∏è‚ù§Ô∏è i am so glad you like him
dog_feelings,2022-12-05 16:06:38,they are making a new sidewalk. in our neighborhood. and today. all the workers waved me over. and i got to put my little paw. in the wet cement. they said it would be there forever. and many years from now. someone would wonder. who that good dog was
dog_feelings,2022-12-01 01:25:49,being a best friend. is pretty easy. you just have to let them hug you. whenever they need to
dog_feelings,2022-11-27 00:56:46,@lilhedge27 ‚ù§Ô∏è‚ù§Ô∏è‚ù§Ô∏è
dog_feelings,2022-11-26 21:27:40,@Pagnificent he does not
dog_feelings,2022-11-26 19:27:59,@h94_dan it‚Äôs discounted if you get the bundle ü§ó
dog_feelings,2022-11-26 18:56:57,@LisaPerki8 oh no! please email sales@weratedogs.com and we‚Äôll take care of you ü•∞
dog_feelings,2022-11-26 18:21:49,@Louisianaboater oh my goodness
dog_feelings,2022-11-26 18:14:36,@gertwomey we attempted to make him. as strong as possible
dog_feelings,2022-11-26 18:09:20,@landonkj as you can see. he doubles as a pillow
dog_feelings,2022-11-26 18:07:07,"in case you forgot. i have a stuffed fren named sebastian. he is my other half. and the human and i spent a long time. figuring out how to clone him. so other dogs may also enjoy his presence. he is on sale this weekend. for anyone who needs him ‚ù§Ô∏è

https://t.co/6UEgyvjUUf https://t.co/Z6ZQpt5VSg"
dog_feelings,2022-11-24 17:36:45,"there are only two options. for me today

1. be so good. and hope my politeness is eventually rewarded. with food
2. be a menace. and take every opportunity i have. to steal the food"
dog_feelings,2022-11-24 17:31:29,i‚Äôm being told. none of the food. is for me
dog_feelings,2022-11-24 17:30:40,THERE IS SO MUCH FOOD. BEING MADE. IN THE HOUSEHOLD RIGHT NOW
dog_feelings,2022-11-18 19:06:58,@Phat50chick that is. some serious height
dog_feelings,2022-11-18 19:02:00,THE GARAGE DOOR IS OPENING. THE HUMAN IS HOME EARLY. THE WEEKEND HAS BEGUN. AND MY FEETS. ARE A TIPPY TAPPIN
dog_feelings,2022-11-16 01:43:23,i know you have a lot going on these days. but i just wanted to say. i love you
dog_feelings,2022-11-08 16:31:52,i took a little trip. to the school down the road. and waited very patiently. as the human checked some boxes. to try and change the world
dog_feelings,2022-11-03 20:13:50,if you leave the room i‚Äôm in. i will always follow you to the next one. whatever this adventure is. you don‚Äôt have to do it alone
dog_feelings,2022-10-31 23:08:51,@KatieMettam ‚ù§Ô∏è
dog_feelings,2022-10-31 22:56:00,it is time. to sit on the porch. with my bucket of snacks. and wait for the little monsters. the current offer is. one snack. for every pat on the noggin i receive
dog_feelings,2022-10-28 18:12:30,do not rush me. on our walks. these sniffs are like my social media. and i‚Äôm scrollin
dog_feelings,2022-10-25 23:07:34,the human is upset. that a piece of my hair. was in their food. that is called a garnish. there is no need to make a scene
dog_feelings,2022-10-11 18:08:13,@dog_rates @AndrewsMcMeel mine is also. pretty entertaining https://t.co/ar5AqiiTzq
dog_feelings,2022-09-30 01:10:10,with a combination. of persistent paw raises. and intense eye contact. i have convinced the human. that they forgot to feed me dinner. why is this impressive you ask? i had my dinner. hours ago
dog_feelings,2022-08-30 14:59:56,@OkiefarmerBrent exactly
dog_feelings,2022-08-30 14:56:19,the human has officially established. ‚Äúkisses in the morning.‚Äù this is a routine. where i receive kisses on my forehead. as soon as they wake up. every single morning
dog_feelings,2022-08-10 20:22:30,RT @dog_feelings: we were at the store today. and i found a stuffed penguin that i really fancied. i tried to carry it out. but was stopped‚Ä¶
dog_feelings,2022-08-09 15:53:27,sometimes. the human sits by the window with me. and helps watch the cars go by. it is nice to know. they care about my interests
dog_feelings,2022-07-29 00:51:22,with great cuteness. comes no responsibility
dog_feelings,2022-07-26 16:28:27,sometimes. the human pretends my body is a set of bongos. they don‚Äôt have much rhythm. but it makes them very happy
dog_feelings,2022-07-20 16:55:15,"hello. my 2023 calendar is here. if you would like. a new thought from me. every single day. for an entire year. you can click below ‚ù§Ô∏è

https://t.co/dwSVFpMo6I https://t.co/w2V1HrgKLp"
dog_feelings,2022-07-18 17:49:26,my morning nap ran over. so i am a few minutes late. for my midday nap. this probably means. i will be a little late. for my early afternoon nap. and my post dinner snooze. this is why buffers are necessary. between events on your schedule
dog_feelings,2022-07-11 16:05:54,@dog_rates @PawsofFuryMovie i can make. my favorite ball. disappear under the couch. the human makes it reappear. though. so i can only take partial credit for the trick
dog_feelings,2022-07-04 00:31:03,do not start. with those sky booms. i don‚Äôt like them. and you don‚Äôt deserve them
dog_feelings,2022-06-24 17:43:41,"RT @AbortionFunds: Hello everyone, and thanks once again for your support of abortion funds, the NNAF site is down currently. Show your sup‚Ä¶"
dog_feelings,2022-05-27 20:50:36,@dog_rates @FarrahTomazin @PhillyInquirer extreme walkies
dog_feelings,2022-05-27 00:02:34,i know. i haven‚Äôt said it in a while. but i love you
dog_feelings,2022-05-25 19:51:43,RT @dog_feelings: i know there‚Äôs bad in the world. and it would be silly. to pretend it isn‚Äôt there. but for now here‚Äôs my leash. and a few‚Ä¶
dog_feelings,2022-05-24 16:28:13,if i do a big stretch. but nobody is around to say. ohhh big stretch. it was still a big stretch. it counts
dog_feelings,2022-04-01 23:07:31,"today. i wasn‚Äôt a very good dog

april fools. i was so good"
dog_feelings,2022-03-23 20:35:52,RT @dog_feelings: the human has only smiled once today. it was when i rolled over. with my feets in the air. and sneezed. it wasn‚Äôt on purp‚Ä¶
dog_feelings,2022-02-06 17:30:24,RT @dog_feelings: occasionally during our walks. someone will pass us. and completely ignore my human. but whisper hello to me. i really en‚Ä¶
dog_feelings,2022-01-23 17:47:31,THE HUMAN JUST GRABBED THEIR KEYS. AND MY LEASH. THEY ARE PUTTING ON. THEIR OUTSIDE FEET. I DO BELIEVE. IT IS ADVENTURE TIME
dog_feelings,2021-12-31 00:10:06,RT @dog_rates: The Dogs of 2021 https://t.co/aXNh5jD13H
dog_feelings,2021-12-25 04:24:36,SOMEONE LEFT A FULL PLATE OF COOKIES. AND A GLASS OF MILK. RIGHT BY THE FIREPLACE FOR ME. I AM NOT KIDDING. WHAT A NIGHT
dog_feelings,2021-12-25 01:35:04,i don‚Äôt want to jinx it. but a lot of these presents. smell like they‚Äôre for me
dog_feelings,2021-12-13 23:44:00,@BostoSub he is for. anyone who needs him
dog_feelings,2021-12-13 23:40:45,"today. is the last day. to get a stuffed fren sebastian for your pup. and have him arrive in time for christmas. i am just saying

https://t.co/SwsPOt7qGK https://t.co/Xo1odS8pt9"
dog_feelings,2021-12-13 21:24:56,@RoleyColey_ ‚ù§Ô∏è
dog_feelings,2021-12-08 18:43:17,today we took a new route. during our walk. this is very exciting. i did not realize i had unlocked. this part of the map
dog_feelings,2021-11-30 00:58:16,sometimes. i don‚Äôt know what to do. with all my love. occasionally it overflows. in the form of a burp
dog_feelings,2021-11-26 18:52:28,@RoleyColey_ i am so sorry. we will send him to you. please dm us
dog_feelings,2021-11-26 18:43:05,"i am excited to announce. my stuffed fren sebastian. is back again. for anyone who needs him 

https://t.co/6UEgyvAXWf https://t.co/mozYucN6WF"
dog_feelings,2021-11-25 19:12:29,there are. so many humans in the household right now. the odds that a snack. will hit the floor. are the highest they have been. in several years
dog_feelings,2021-11-24 01:20:47,"this week. it is important to remember what you are thankful for. i am thankful for

6. the human
1. my stuffed fren sebastian
5. cuddles
2. my brain (i am very smart)
C. cool breezes
2. snugs (different from cuddles)"
dog_feelings,2021-11-19 19:48:50,RT @dog_rates: Introducing the @15outof10 Foundation ‚ù§Ô∏è‚Äçü©π https://t.co/Nb1UOstroz
dog_feelings,2021-11-08 18:04:47,i like to think. i am an excellent guard dog. but between you and me. it all depends. on what snacks. a stranger has
dog_feelings,2021-10-31 02:19:38,do not forget. to pet the dog. at your spooky party
dog_feelings,2021-10-21 17:49:59,"in case you forgot. i love you

my 2022 calendar. is available for pre-order. a new thought from me. every single day
https://t.co/9UA8u3rQcQ https://t.co/slV6ctUZN4"
dog_feelings,2021-10-20 23:26:27,it is not the taste of a leaf. that intrigues me. it is the crunch
dog_feelings,2021-10-13 16:04:16,we are on our way home from the pumpkin patch. and i got to pick out my very own. it is every pumpkin‚Äôs first halloween. so remember to make it special
dog_feelings,2021-10-06 21:23:52,a neighborhood dog just barked in the distance. and i barked back. they are taking roll call. and i am present
dog_feelings,2021-10-01 16:42:21,please adjust the spooky dial. turn it all the way up. it is time
dog_feelings,2021-08-24 20:29:30,the FDA. has also fully approved. giving my forehead. a little smooch
dog_feelings,2021-08-10 22:00:41,sometimes. on a walk. i will just stop. this is allowed
dog_feelings,2021-07-26 15:54:21,i just sneezed. like seven times in a row. but the human only said bless you. after the first six. i am not sure. what i did to deserve that
dog_feelings,2021-07-22 00:06:21,sometimes. we are our own worst enemy https://t.co/iKhLgTcLkV
dog_feelings,2021-07-16 23:34:01,there is a rumor going around. that i am ‚Äúdesperate for cuddles.‚Äù and i wanted to come forward and say. it‚Äôs true. i am
dog_feelings,2021-07-12 13:43:55,gooooob morning. it is an excellent day. to accomplish some goals. i do not have any.  but you go ahead
dog_feelings,2021-07-04 00:59:46,why. am i hearing booms. it is not even that day yet
dog_feelings,2021-07-02 00:14:21,the human likes to say. that i live here rent free. but i would argue. this housing accommodation. is my payment. for a lifetime of love. and excellent company
dog_feelings,2021-06-29 17:13:53,@MandaPandaRawrr @AndrewsMcMeel we do! same link ¬®ÃÆ
dog_feelings,2021-06-29 17:02:01,"hello. i made a planner. to help you be productive. but not too productive. for 16 whole months. it is available right now

https://t.co/XyHcOqfh8C https://t.co/CjCK19ODpt"
dog_feelings,2021-06-28 18:41:16,we should finally discuss. why i do not get lunch. i have breakfast. and then dinner. but you get a third meal. placed perfectly between the other two. that‚Äôs not fair
dog_feelings,2021-06-20 18:08:18,no thoughts today. only float https://t.co/SX7Dur10V5
dog_feelings,2021-06-11 16:34:13,one thing. you should really pay attention to. as things go back to normal. is me
dog_feelings,2021-06-10 15:20:00,a blueberry has fallen on the floor. and nobody has noticed. except for me. so i gently picked them up. and brought them to my bed. so they could relax. because i am sure it is very stressful. being a lost blueberry
dog_feelings,2021-05-28 15:31:33,it often seems. like the human is jealous of me. because of how happy i get. about the simplest things. i don‚Äôt know how to tell them. they can do that too
dog_feelings,2021-05-17 22:42:01,i do not know. how to do my taxes
dog_feelings,2021-05-12 23:00:38,i have misplaced my name tag. it must have fallen off during my walk earlier. i am now completely unidentifiable. i can be whoever i want. i am mysterious
dog_feelings,2021-05-10 17:22:07,RT @dog_feelings: sometimes. the human presses their noggin against mine. to figure out what i‚Äôm thinking. so i just think really hard. abo‚Ä¶
dog_feelings,2021-05-10 16:55:52,rest easy Halo https://t.co/9VruTpJsxO
dog_feelings,2021-04-28 16:06:07,when i was much younger. the human came with me to get my shots. they held my paw. and everything was alright. today. i‚Äôm riding along as they get theirs. i don‚Äôt think they will need to hold my paw. but i will be here just in case
dog_feelings,2021-04-07 23:15:14,every single night. i try to convince the human. they forgot to give me my dinner. and sometimes. they get so confused. they start to believe me
dog_feelings,2021-04-04 17:20:53,AND THEY‚ÄôRE FILLED WITH CHOCOLATE. I COULDA DIED. IS IT A BUNNY ASSASSIN. WHAT KIND OF DAY IS THIS
dog_feelings,2021-04-04 17:19:40,ok it turns out. they belong to a bunny. i thought i knew how things worked. but i guess not
dog_feelings,2021-04-04 17:18:04,i found several eggs. on my walk this morning. has anyone seen a chicken. i would like to return them
dog_feelings,2021-04-01 23:38:57,"i wasn‚Äôt a good dog today

april fools. i was so good"
dog_feelings,2021-03-23 16:05:50,@dog_rates https://t.co/LTWeUFViY7
dog_feelings,2021-03-18 18:00:37,"i am excited to announce. my stuffed fren sebastian. is available again. for anyone who needs him

https://t.co/6UEgyvAXWf https://t.co/QDez4lJZZt"
dog_feelings,2021-03-17 00:42:30,once again. i am asking. for a kiss on my forehead
dog_feelings,2021-03-14 15:44:29,i am being told. we lost an hour of sleep last night. why. what is the point. my stuffed fren sebastian and i. will be sleeping an extra hour. every day. for the rest of the year. to make up for it
dog_feelings,2021-03-13 18:34:50,WE ARE AT THE PARK. AND I WAS NOT SUPPOSED TO GET MUDDY. BUT I AM SO MUDDY. IT IS IMPORTANT. TO SET REALISTIC GOALS
dog_feelings,2021-03-02 23:49:16,just a heads up. i will be running around the house. as fast as possible. for the next 15 seconds. i will have no regard for furniture. or any individuals in my way. when i am done. do not ask me why i have done this. because i do not know
dog_feelings,2021-02-26 19:08:45,i am just going to be honest. i deserve 1 million kisses. every day
dog_feelings,2021-02-25 17:01:16,"here is what. i plan to accomplish today:

2. bark loudly. but at nothing
7. lose my ball under the couch
7b. politely ask the human. to get my ball
3. immediately lose it again. under the same couch
4. big nap. you have worked hard
2. repeat"
dog_feelings,2021-02-19 20:02:55,@NASAPersevere you are doing a good job up there. thank you
dog_feelings,2021-02-14 17:32:39,the human waited until TODAY. to ask me to be their valentine. it is a little insulting. they assumed i would not have plans already. i don‚Äôt. but still
dog_feelings,2021-02-07 18:04:20,once again. i have gone undrafted in the puppy bowl. i feel as though both teams. have missed an opportunity in me. but i still wish them the best. in their game today. i will be watching from the couch
dog_feelings,2021-01-28 17:43:49,you are tough. you are scary. you are a good boy. but also a scary one. if the situation calls for it https://t.co/KWXCX5uEbn
dog_feelings,2021-01-26 02:09:55,sometimes. when i am bored. i will stare at nothing. and try to convince the human. that there is a ghost
dog_feelings,2021-01-13 02:05:14,it appears you have loaded the dishwasher without me. do you not need my services anymore. did you lick the plates yourself. this is a disaster
dog_feelings,2021-01-06 00:30:14,@Skittles why. must you haunt me
dog_feelings,2021-01-05 18:23:25,the human has to work again this week. but that‚Äôs okay. i can keep myself busy. there is a skittle under the fridge. that needs constant surveillance
dog_feelings,2021-01-01 01:37:02,i heard there is a ball dropping later. does anybody have the details? i am interested in that
dog_feelings,2020-12-31 17:51:19,according to my data. cuddles were up by 147% this year. hugs up 93%. and long hugs up by nearly 700%. while these stats with the human. may be hard to maintain. i think we should try
dog_feelings,2020-12-30 18:00:46,RT @dog_rates: The Dogs of 2020 https://t.co/xVQdlkgW1T
dog_feelings,2020-12-24 17:41:29,this year. i got to pick the accessories for our house tree. and i think. i did a wonderful job https://t.co/9HpQTrHIXI
dog_feelings,2020-12-22 17:00:37,it feels pointless. to bring it up again. but if i am not allowed to bring my sticks inside. why is the human allowed a whole tree. do they not understand. that is where my sticks come from
dog_feelings,2020-12-21 17:01:08,@dog_rates @bestfriends @Trupanion here you go https://t.co/pJtfgR3N5a
dog_feelings,2020-12-17 01:40:04,we are approaching the time of year. when humans look back. and think about. what they could have done better. not me though. i was perfect
dog_feelings,2020-12-11 01:53:15,if you don‚Äôt want me to fall asleep. during the movie. what are we so cozy for
dog_feelings,2020-12-07 21:12:24,sometimes. my tongue pokes out when i sleep. i am aware of this. because the human takes a picture every time. and shows it to me. as soon as i wake up
dog_feelings,2020-12-01 02:23:01,is now. an okay time. to tell you that i love you
dog_feelings,2020-11-30 19:36:05,they are innocent https://t.co/ty6DtkD9Vv
dog_feelings,2020-11-27 18:30:02,"i am so glad. you like my stuffed fren sebastian. he is still available. for anyone who needs him

https://t.co/6UEgyvAXWf https://t.co/LBhIb4W3l2"
dog_feelings,2020-11-24 19:48:08,the human just learned. they will be working from home. for the foreseeable future. this is simply a formality. i was never letting them go back anyway
dog_feelings,2020-11-19 16:06:00,you cannot rush me. on my walks. if i don‚Äôt sniff enough things. i could fall behind. on the neighborhood dog leaderboard
dog_feelings,2020-11-18 19:05:04,@staci1971 he is for. anybody who needs him
dog_feelings,2020-11-18 19:02:24,@2legit2dunk https://t.co/4lx6Z4wqAp
dog_feelings,2020-11-18 19:00:40,"i am sure. you all know my stuffed fren sebastian. well starting today. you and your pup can have him. he is here for anybody who needs him. and i hope you love him. as much as i do

https://t.co/6UEgyvAXWf https://t.co/MGjim29DLL"
dog_feelings,2020-11-17 00:18:49,i do not ‚Äúshed.‚Äù i sprinkle my glitter
dog_feelings,2020-11-14 22:08:17,i am sorry. for not having many thoughts lately. sometimes no thought. is a beautiful thing
dog_feelings,2020-11-07 16:39:57,my tail is blurry. and my feets. are a tippy tappin
dog_feelings,2020-10-31 23:12:32,i was hoping to sit on the porch. with my bucket of candy. and let all the tiny monsters come pet me. but it‚Äôs just the human and i tonight. cuddling in our costumes. and looking forward to next year
dog_feelings,2020-10-31 15:36:22,it is the spooky day
dog_feelings,2020-10-28 14:41:21,i feel chaotic today. so i am off to look for trouble. if i cannot find it. i will create it
dog_feelings,2020-10-27 16:10:04,"MY BOOK. IS OUT NOW
https://t.co/6UEgyvAXWf https://t.co/jOnPrRTVOM"
dog_feelings,2020-10-26 16:00:32,there is a pumpkin. on the neighbor‚Äôs porch. that did not have a face yesterday. but today they have a face. that is spooky. and i will be avoiding it
dog_feelings,2020-10-22 21:48:34,the day is nearly done. and i have not received. anywhere near. the level of attention i deserve
dog_feelings,2020-10-20 16:03:50,the human is in a rush to leave. and needs me to use the bathroom. as quick as i can. but i have not trained for this. and historically. i do not perform well under pressure
dog_feelings,2020-10-15 16:43:07,everybody used to smile at me. when i passed them on my walks. but now i can‚Äôt tell if they are or not. i hope they still are
dog_feelings,2020-10-07 01:09:38,i know. there‚Äôs a lot going on right now. so i just wanted to say. i love you
dog_feelings,2020-09-30 16:10:25,"I WROTE A BOOK. it is about all my favorite adventures. most of which you haven‚Äôt heard yet. and i cannot wait. for you to read it

preorder today: https://t.co/6UEgyvAXWf https://t.co/lE28QKWXlB"
dog_feelings,2020-09-29 00:57:18,apparently. my stuffed fren sebastian smells bad. so he will be spending the night in the spinny bath. which means the human and i. will be spending the night. next to the spinny bath. so nobody is alone
dog_feelings,2020-09-25 16:50:18,ok so. it tasted pretty spooky https://t.co/UL0jYnmD73
dog_feelings,2020-09-25 16:45:23,the first crunchy leaf of the season. just fell in the yard. i will go taste it. to determine how spooky. things are about to get
dog_feelings,2020-09-21 19:16:38,it is never too late. to go back to bed
dog_feelings,2020-09-15 19:32:19,i worked. so. hard. to get the squeaker out of that toy. and you just. threw it away
dog_feelings,2020-09-10 16:15:24,the human wiped away my eye booger. only to pet it back onto me. i have never experienced such betrayal
dog_feelings,2020-09-07 16:57:40,"i made a list. of reasons you should hang out with me today

4. i am fun
c. i am soft
2. i will listen. to your silly human problems
8. you can pick the snacks
a. i love you"
dog_feelings,2020-08-31 18:00:06,the human says there are two options. inside or outside. but if they would simply. elevate their mindset. they would uncover a third option: stand in the doorway. and sniff the air
dog_feelings,2020-08-26 15:44:47,personally. i think every day. should be dog day
dog_feelings,2020-08-26 15:42:26,@dog_rates https://t.co/Nmeh1aoiwd
dog_feelings,2020-08-20 16:15:02,the human had another video call today. but this time. they put me in front of the screen. gave me their headset. and walked away. it may have been a joke to them. but this is exactly the promotion. i have been waiting for
dog_feelings,2020-08-14 20:37:26,i actually look forward to seeing the mailman. because a long time ago. they brought me my stuffed fren sebastian. and i could never thank them enough for doing that
dog_feelings,2020-08-12 16:24:36,@Sue_Pook @AndrewsMcMeel ‚ù§Ô∏è
dog_feelings,2020-08-12 16:03:20,"i made you a calendar for next year. it has one new thought every day. because that is all i‚Äôm capable of at the moment. you can preorder it below

https://t.co/FSlntLgsi5 https://t.co/2FOMlH9YSe"
dog_feelings,2020-08-11 14:55:49,stairs are ridiculous. you cannot just change the ground. who do you think you are
dog_feelings,2020-08-06 18:42:29,"i made a list. of all the things i do. when you‚Äôre not home

1. wait for you to get back"
dog_feelings,2020-08-04 12:45:52,gooooob morning. i can already tell. i am going to need a lot of attention today
dog_feelings,2020-07-29 21:44:09,the era of doing tricks for treats. is over. starting today. i would like treats. simply for existing
dog_feelings,2020-07-27 15:14:20,i sneezed so they could escape. and now the human is here. helping them back outside. that did not go at all how i planned. if the ladybug is reading this. i am so sorry
dog_feelings,2020-07-27 15:12:20,I SNIFFED TOO HARD. THE LADYBUG WENT UP MY NOSE
dog_feelings,2020-07-27 15:11:00,a ladybug has entered the household. and i. am on my way to introduce myself
dog_feelings,2020-07-22 01:22:22,in case you forgot. i love you
dog_feelings,2020-07-20 17:04:46,the rarest sit. is the multi-level stair sit. during which my butt is on one stair. while my front feet extend to the stair below. it is a powerful combination. of comfort and style
dog_feelings,2020-07-14 16:38:07,there is so much going on right now. based on the human‚Äôs tiny screen scrolling. so i am on my way with cuddles. and guess what. i‚Äôm bringing my stuffed fren sebastian with me
dog_feelings,2020-07-07 21:33:21,i just started my shift. watching the skittle under the fridge. it is a thankless job. but if nobody does it. and the skittle moves. we are in big trouble
dog_feelings,2020-07-03 18:21:39,@dog_rates do not lie. i know scooby doo when i see him
dog_feelings,2020-06-29 18:11:10,the human has made quite the sandwich for lunch. but when i placed my chin on their knee. and looked up at them softly. they only offered me. a piece of lettuce. nobody talk to me. for the rest of the day
dog_feelings,2020-06-24 16:26:18,"i don‚Äôt know what the future holds. but i will be there with you. my 2021 planner is available now

https://t.co/WPXVkQhgm6 https://t.co/xsnc6ICQ0e"
dog_feelings,2020-06-24 16:24:25,i have an announcement
dog_feelings,2020-06-23 01:13:29,personally. i don‚Äôt think you should set off fireworks. for any reason ever
dog_feelings,2020-06-19 12:39:19,gooooob morning. if you think i won‚Äôt lie down. where the sun shines through the window. with these paws crossed. all day long. you are out of your mind
dog_feelings,2020-06-18 00:30:26,there is an easy way to tell. if i would like a hug. and it‚Äôs that no matter what. i probably do
dog_feelings,2020-06-10 00:00:03,it is the human‚Äôs first time trying to change the world. and they are exhausted. so while they rest for a little bit. i have stolen their sign. and will trot proudly around the house with it. until they are ready. to fight again
dog_feelings,2020-06-05 17:05:15,"RT @dog_rates: h*ck it, thread of black-owned dog businesses that deserve a fat slice of that $100 billion we‚Äôre estimated to spend on our‚Ä¶"
dog_feelings,2020-05-25 19:33:32,today was supposed to be one of those days. where the human invites a bunch of frens over. someone would eventually drop a plate of food. and it would be my time to shine. but because that can‚Äôt happen. the human has been dropping little snacks for me on purpose. all afternoon
dog_feelings,2020-05-18 16:02:15,@dog_rates @shopivoryella it appears my stuffed fren sebastian. has had a growth spurt
dog_feelings,2020-05-17 22:48:06,surround yourself. with those who would flip your ear back for you. if it ever went inside out
dog_feelings,2020-05-15 18:51:28,@miss_melisxjg @dog_rates ‚ù§Ô∏è
dog_feelings,2020-05-12 00:48:00,i love you. and there‚Äôs nothing you can do about it
dog_feelings,2020-05-08 02:12:05,recently. my only responsibility. has been convincing the human to get out of bed in the morning. so tomorrow we‚Äôre making pancakes. because who can say no to pancakes
dog_feelings,2020-05-04 17:58:35,if you start leaving the house again. who will be around to say. ohhh big stretch. every time i do a stretch
dog_feelings,2020-04-29 15:33:40,"i have finally narrowed it down. to a few possible reasons. the human is home all the time now

4. can‚Äôt stand being away from me
c. loves me so much
1. my presence is a gift"
dog_feelings,2020-04-26 16:41:01,the human has no idea what the future holds. which is fine. i never know what‚Äôs going to happen next. i only know about right now. and right now i‚Äôm climbing into your lap. to let you play with my ears
dog_feelings,2020-04-21 19:26:25,the human is attempting exercise at home. and to help them with this. i will climb on top of them. making any movement almost impossible
dog_feelings,2020-04-20 16:55:36,@SWatercolour ‚ù§Ô∏è‚ù§Ô∏è‚ù§Ô∏è
dog_feelings,2020-04-17 01:08:33,"hi there. this will only take a moment. i just wanted to let you know.

i love you"
dog_feelings,2020-04-13 19:31:07,my stuffed fren sebastian and i. have a meeting in a little bit. to discuss how to tell the human. that we have enough bread. there is no need to bake more
dog_feelings,2020-04-07 00:37:40,some cuddles. would go a long way right now
dog_feelings,2020-04-02 00:00:35,"today. i wasn‚Äôt a very good dog

april fools. i was so good"
dog_feelings,2020-04-01 17:07:24,@dog_rates you scared me
dog_feelings,2020-03-30 16:43:56,there are no rules these days. i didn‚Äôt even put my collar on today. just walked around the house naked
dog_feelings,2020-03-24 15:22:26,i decided that today. is bring your human to work day. we stared out the window for hours. and they helped me spot the cars. it was magical
dog_feelings,2020-03-21 17:45:53,@AmyMcGrathKY ‚ù§Ô∏è
dog_feelings,2020-03-20 13:19:46,gooooob morning. i think today. i‚Äôll lie on the porch. with my front paws crossed. and let the sun shine on my face through the trees. occasionally i will rollover. so it shines on my belly. nobody will stop me. because i deserve this
dog_feelings,2020-03-18 18:02:31,@dog_rates @NewsStatehouse i would like sarge. to also take care of me
dog_feelings,2020-03-16 17:29:01,the small neighbor human. is home from school today. but instead of coming over. they‚Äôre putting notes against their window. i‚Äôm not the best reader. but it seems like they miss me. and we‚Äôll be together again soon
dog_feelings,2020-03-15 01:32:55,i just love you
dog_feelings,2020-03-06 00:22:49,@unbury not my problem
dog_feelings,2020-03-06 00:17:34,i know you put a pill. in my rolled up cheese slice. i‚Äôm not mad about it. i would simply appreciate. if you would be honest with me next time
dog_feelings,2020-03-03 13:20:00,"gooooob morning. i made a list. of what i would like to accomplish today

7. a big nap
1. maybe get some rest after that
4. sneak in a snoozle
4b. perhaps multiple"
dog_feelings,2020-02-29 19:06:54,it is really cool. that this year. i was given a whole extra day to love you
dog_feelings,2020-02-25 20:02:14,the small neighbor human. had show and tell today at school. and with my human‚Äôs permission. they brought me. i just sat beside them and smiled. as they told the whole class. why i‚Äôm their best friend
dog_feelings,2020-02-19 02:15:15,hi. yes hello. i am ready to be loved now
dog_feelings,2020-02-17 23:30:02,today. for the first time in a long time. i checked on the skittle under the fridge. i‚Äôm happy to report it‚Äôs still there. minding its business. doing the best it can. we should all strive for such an existence
dog_feelings,2020-02-14 16:00:18,i‚Äôm not sure. if you have a valentine yet. but if you don‚Äôt. my application is below https://t.co/U7dqOO0puF
dog_feelings,2020-02-10 16:35:47,it was very chilly during our walk today. when i tried to hop in a puddle. i slid across it instead. i am not a penguin. i would like a refund
dog_feelings,2020-02-05 13:00:00,"gooooob morning. i‚Äôve made a list. of the things i‚Äôd like to happen today

3. pancakes
9. nice walk. with limited running
5. nap in the sun
5. pancakes
2. a little snuggle"
dog_feelings,2020-02-05 01:06:21,@dog_rates @ohheyohhihello bless you pancake
dog_feelings,2020-02-02 23:54:08,i am not concerned with the sports. i am however. very concerned with the snacks associated
dog_feelings,2020-02-02 20:10:10,the human said. the only reason i wasn‚Äôt drafted in the puppy bowl. is because my opponents. wouldn‚Äôt stand a chance
dog_feelings,2020-01-29 02:17:08,i don‚Äôt care when the human goes to bed. i would just like a forehead kiss. before they do
dog_feelings,2020-01-23 17:46:34,sometimes. you have to cross your paws. and let everyone know. you‚Äôre feeling fancy
dog_feelings,2020-01-22 00:58:37,"i just learned. i‚Äôve been nominated for an award. this is incredibly flattering. word must‚Äôve gotten out that i caught my tail
https://t.co/1XSiblKOQO"
dog_feelings,2020-01-20 13:08:00,gooooob morning. i would already like a hug
dog_feelings,2020-01-14 01:21:56,i have to take my stuffed fren sebastian. and my new stuffed fren koala. on our walks. or one of them will get jealous. i carry one. and i make the human carry the other. occasionally we swap frens
dog_feelings,2020-01-06 23:09:38,the human came home today. with a new stuffed fren for me. they called it a koala. and as they knelt down to hand it over. they mentioned it could use. all the love i have right now
dog_feelings,2020-01-03 19:15:44,@dog_rates the trick to losing weight. is just longer zoomies
dog_feelings,2020-01-01 02:57:23,the best thing i did. this entire decade. was love you
dog_feelings,2019-12-31 20:24:38,RT @dog_rates: The Dogs of 2019 https://t.co/WzZ06yjNlH
dog_feelings,2019-12-25 15:04:41,gooooob morning. i‚Äôm being told. someone came down the chimney last night. this is preposterous. i would‚Äôve lost my mind
dog_feelings,2019-12-25 00:42:38,my stuffed fren sebastian and i. have decided to go caroling. we know this involves singing well. and spreading joy. we are confident we can do one of those things https://t.co/2VDPb0ykER
dog_feelings,2019-12-21 21:18:41,the small neighbor human came over. with an early gift for me. it was a little locket for my collar. and inside was a pebble. they said they picked it up. the first time they went on a walk with me. i would do anything. for the small neighbor human
dog_feelings,2019-12-17 17:15:41,@dog_rates @IvePetThatDog @RoyalCanin i have cleared. my very busy schedule
dog_feelings,2019-12-15 01:54:48,the human decided to go out tonight. they promised they‚Äôd be back soon. so i‚Äôm not worried at all. i realized they forgot their jacket. and it smells like they‚Äôre still here. so it will be my new bed. until they return
dog_feelings,2019-12-13 20:35:12,@dog_rates eeyore. we are going to get you out of that wagon. even though it‚Äôs a pretty cool wagon
dog_feelings,2019-12-10 13:39:36,gooooob morning. i know you‚Äôve got a lot going on right now. so i wanted to mention. i think you‚Äôre doing great
dog_feelings,2019-12-07 23:22:31,i have spent the whole day. watching the human make a gingerbread house. the final touch. was a little icing dog. staring out one of the windows. now it‚Äôs a gingerbread home
dog_feelings,2019-12-06 19:35:04,@dog_rates i will lend her. my stuffed fren sebastian. if that would help
dog_feelings,2019-12-04 20:04:40,the human who always brings packages. brought another package today. i put my nose against the window to say hi. and they poked it from the other side of the glass. before smiling. and continuing on their way
dog_feelings,2019-12-03 01:41:52,the human seems to think. only one of us can fit on a chair. but what they always fail to consider. is if we were stacked on top of each other
dog_feelings,2019-12-01 18:47:16,can someone please tell them. i said hi back https://t.co/yHdtZmkqvd
dog_feelings,2019-11-28 22:09:46,there are many humans in the household right now. and they all seem to have snacks. so i‚Äôm going to convince each and every one of them. that i have not eaten. in several weeks
dog_feelings,2019-11-26 13:06:51,gooooob morning. today has infinite wondrous possibilities. i‚Äôm going back to sleep. but you should find out what they are
dog_feelings,2019-11-25 18:15:48,"i made a bunch of holiday cards. for you to give to everyone you know. i hope you like them

https://t.co/BETd4o24a0 https://t.co/3AKpDOllGp"
dog_feelings,2019-11-24 20:38:06,the small neighbor human and i. have been working on a puzzle. for quite some time. we only have one piece left. but we can‚Äôt find it anywhere. i hope i didn‚Äôt eat it. that sounds like something i might do
dog_feelings,2019-11-21 18:03:16,i choose to believe. that when he locates a koala. he puts them on his back. and they ride him out of the fire https://t.co/Yoyi3Axxx2
dog_feelings,2019-11-16 21:16:04,at the park today. i noticed the human glancing at another human. so i made my way over. and sat on their foot. forcing my human to come apologize for me. i am a matchmaker
dog_feelings,2019-11-15 16:26:11,@dog_rates she can use my noggin. when i‚Äôm not using it
dog_feelings,2019-11-13 13:26:42,gooooob morning. i‚Äôve given it some thought. and i‚Äôm going to be the best today
dog_feelings,2019-11-08 02:03:04,"i would like more frens. so i have made a list of my best qualities. for your consideration

6. am fluffy
1. can jump (and sit)
C. sometimes i sneeze

i look forward. to hearing from you"
dog_feelings,2019-11-07 17:09:38,@dog_rates i helped https://t.co/TECzv8QrAl
dog_feelings,2019-11-04 18:50:28,the human keeps a picture of me. on the front of their little computer. so they can show everyone they meet. wherever they go. just how beautiful i am
dog_feelings,2019-10-31 23:50:51,the tiny monsters are on their way. and my job. is to hold this bucket of snacks for them. i was told they can only take one. but that‚Äôs not my rule to enforce
dog_feelings,2019-10-31 16:51:11,the human asked what i wanted to be for halloween. and after some thought. i have decided. i would like to be cherished
dog_feelings,2019-10-30 00:51:22,could you please do that thing. where you hold me
dog_feelings,2019-10-27 22:04:06,occasionally during our walks. someone will pass us. and completely ignore my human. but whisper hello to me. i really enjoy this
dog_feelings,2019-10-23 18:12:46,my stuffed fren sebastian and i. were hanging outside. when a leaf fell from above. and came to rest on his noggin. he has been chosen. sebastian is king of spooky season. long may he reign
dog_feelings,2019-10-21 12:01:34,gooooob morning. i am already very tired. so i really think. we should all try again tomorrow
dog_feelings,2019-10-16 23:46:01,would you mind. taking a moment to consider. that i love you
dog_feelings,2019-10-13 17:10:19,we are headed to a pumpkin patch. and although i‚Äôve been told. i can only bring one home. i am going to say hi. to every pumpkin there
dog_feelings,2019-10-10 00:00:15,today. is my stuffed fren sebastian‚Äôs second birthday. and to celebrate. we would like to see. all of your favorite stuffed frens
dog_feelings,2019-10-09 18:53:13,the human came home for a bit. claiming they forgot their lunch. but i think we all know. they just missed me
dog_feelings,2019-10-04 16:58:21,if you leave the room i‚Äôm in. i will always follow you to the next one. whatever this adventure is. you don‚Äôt have to do it alone
dog_feelings,2019-10-02 12:10:45,gooooob morning. i think. with the right amount of peanut butter. today could go well
dog_feelings,2019-09-29 19:36:33,the human invited some frens over. and one of them is sitting on the floor. gently rubbing my ears. they refer to me as the squishy wonder. and if my human doesn‚Äôt step it up. i‚Äôm going home with them
dog_feelings,2019-09-25 12:03:00,gooooob morning. i would like a lot of support today. just in general
dog_feelings,2019-09-22 19:47:57,i found a pizza crust. on our walk today. in case anyone was thinking. about giving up on their dreams
dog_feelings,2019-09-17 23:04:37,the small neighbor human. came over after school. to try to get me to eat their homework. while i don‚Äôt condone such behavior. i absolutely complied
dog_feelings,2019-09-13 22:37:00,i hear a noise. i think it‚Äôs the garaGE DOOR. IT IS THE GARAGE DOOR. THE HUMAN IS HOME. AND MY FEETS. THEY ARE A TIPPY TAPPIN
dog_feelings,2019-09-10 00:35:02,i may have gotten bigger. but my desire to be held. has remained constant
dog_feelings,2019-09-08 21:19:33,i do not understand the sports. but based on the variety of emotions. the human has gone through. in such a short time. i‚Äôm not sure i want to
dog_feelings,2019-09-04 02:45:00,i went outside one more time before bed. the human kept calling me. but the stars look so nice right now. if i sit and enjoy them long enough. the human will have no choice. but to come out. and enjoy them with me
dog_feelings,2019-09-03 16:30:19,"beginning next year. not a day will go by. without a thought from yours truly. my calendar is available now

https://t.co/6UEgyvjn4H https://t.co/9UbQ5zvYFd"
dog_feelings,2019-08-29 23:29:29,i‚Äôve been thinking about it a lot recently. and i would really appreciate. a kiss on my forehead
dog_feelings,2019-08-26 15:30:39,@dog_rates https://t.co/rtBJOS5aZ0
dog_feelings,2019-08-25 21:25:51,the small neighbor human. goes back to school tomorrow. so we spent the whole day together. doing our favorite things. i understand education is important. but here‚Äôs the thing. so am i
dog_feelings,2019-08-20 03:20:54,i was already asleep. when the human picked me up from my bed. and placed me onto theirs. recommence your snoozles. everything is perfect
dog_feelings,2019-08-15 16:35:50,i am going to skip ahead. and look at all the dogs. as soon as i get it. no one can stop me https://t.co/fxpJg6M18f
dog_feelings,2019-08-13 02:10:20,i‚Äôm not sure if you noticed. but i love you
dog_feelings,2019-08-10 15:29:46,today. i‚Äôm going to lie on the porch. with my front paws hanging off the top stair. and when the sun breaks through the trees. i will squint and smile. and become marginally toastier
dog_feelings,2019-08-07 22:23:12,if you sit on the floor. i‚Äôm getting in your lap. this is just the way things are
dog_feelings,2019-08-04 17:01:05,i know there‚Äôs bad in the world. and it would be silly. to pretend it isn‚Äôt there. but for now here‚Äôs my leash. and a few licks on your hand. to convince you that one day. we will be alright
dog_feelings,2019-07-30 23:13:09,you may think it‚Äôs strange. for me to lose my mind with joy. every time you walk through the door. but when you love like i do. there‚Äôs no other option
dog_feelings,2019-07-29 12:30:00,gooooob morning. we are going to have a great day. whether you like it. or not
dog_feelings,2019-07-23 16:56:06,sometimes. i will go outside. only to realize. it is inside that i desired all along
dog_feelings,2019-07-22 17:43:34,the human set up a fan. right next to my bed. that moves back and forth. so every few seconds. i feel like i‚Äôm flying
dog_feelings,2019-07-18 15:31:01,"for your convenience. i have made a list of the times. i would appreciate your attention

always"
dog_feelings,2019-07-17 20:07:03,RT @AndrewsMcMeel: Good news frens! @dog_feelings planners are now available in Barnes &amp; Noble stores! https://t.co/X106cTEdRB
dog_feelings,2019-07-16 02:11:28,every night we have cheese time. this is when i am presented. a single slice of cheese for consumption. i know exactly when cheese time is. and delaying it for any reason. is against the law
dog_feelings,2019-07-13 19:30:20,sometimes. i‚Äôll pretend i need to tell you a secret. but when you lean in close. i‚Äôll lick your ear instead. i am a master of deception
dog_feelings,2019-07-11 15:43:14,"RT @AndrewsMcMeel: Dear @dog_feelings frens: For crashing our website and ordering ALL planner stock, we forgive you. Thank you for your pa‚Ä¶"
dog_feelings,2019-07-09 16:33:41,outside is larger than you think. which is why i always have my leash. so the human doesn‚Äôt get lost
dog_feelings,2019-07-08 13:11:26,gooooob morning. i was hoping to wake up to the smell of waffles. i deserve a waffle
dog_feelings,2019-07-07 18:03:09,the small neighbor human. is kicking around a black and white ball. and whenever it goes more than a few feet. they hold their arms out wide. and look around. as if the whole world is watching
dog_feelings,2019-07-04 00:10:32,the sky booms have begun. and we all know how scary they can be. so the human and i are headed to the shelter. to comfort some pups. who don‚Äôt yet have. someone to hold them
dog_feelings,2019-06-30 01:23:49,let me be perfectly clear. you don‚Äôt stand a chance. against these cuddles
dog_feelings,2019-06-27 22:48:39,i‚Äôd like to take a moment. to tell you about my stuffed fren sebastian. he is my closest confidant. my brightest shadow. he has big floppy ears. a long skinny nose. and his arm has only fallen off twice. he is the definition of good company. and without him. i‚Äôd be lost
dog_feelings,2019-06-26 12:44:33,i‚Äôm sitting next to the human. as they put on their shoes to leave. i glanced at the door. then slowly up at them. with the widest eyes i could manage. long story short. we‚Äôre working from home today
dog_feelings,2019-06-24 12:59:18,gooooob morning. sometimes when the human is still asleep. i will quietly climb onto their face. and wait patiently for them to wake up. this normally does not take very long
dog_feelings,2019-06-22 18:38:48,IT IS A BEAUTIFUL DAY. MY CONFIDENCE IS SOARING. GIVE ME MY LEASH I‚ÄôLL WALK MYSELF. LOOK AT THESE HIPS SWAY
dog_feelings,2019-06-20 00:06:33,do not worry ronald. i‚Äôm on my way. and my stuffed fren sebastian. is coming with me https://t.co/QZttby5DnK
dog_feelings,2019-06-19 02:56:36,so sorry to interrupt. but i hope all your dreams come true
dog_feelings,2019-06-17 17:31:40,the small neighbor human. has a big new toy in their yard. if you jump on it. you boumce. sometimes we jump at the same time. this is called a double boumce. i always knew we could fly. we just needed a little help
dog_feelings,2019-06-13 01:44:45,all i need right now. is to rest my chin. in the palm of your hand. sometimes my noggin gets heavy. probably from all the knowledge
dog_feelings,2019-06-11 16:32:20,i forgot to say. one at a time https://t.co/tgXAUEB93L
dog_feelings,2019-06-11 16:16:11,"i‚Äôm going to help you stay calm. and very organized. for 16 whole months. my planner is available now

https://t.co/tsZt10Twx9 https://t.co/Nj1KeePfhH"
dog_feelings,2019-06-11 16:13:02,i have an announcement
dog_feelings,2019-06-09 19:39:50,i was told. whenever a square car with sirens passes by. they are on their way to help. so i always howl along. to let everyone know. i‚Äôm helping too
dog_feelings,2019-06-05 21:51:08,i like to leave as much of my hair. around the house as possible. it is my confetti. i am a party
dog_feelings,2019-06-03 14:33:59,gooooob morning. the human starts every day. with a cup of warm bean juice. they say it makes them fast. i tried to sneak a taste. but was quickly denied. this is far from fair. i wanna be fast too
dog_feelings,2019-05-30 02:23:39,the human worked all day. so we didn‚Äôt spend much time together. this upsets them more than anything. because who knows how long any of us have. but they‚Äôre here now. and i really hope they realize. all i need. is for them to hold my paw. until i fall asleep
dog_feelings,2019-05-27 12:10:04,gooooob morning. the first time you wake up. could be a mistake. it‚Äôs best to fall back to sleep. just to be safe
dog_feelings,2019-05-26 00:37:57,the human invited a new fren over tonight. it‚Äôs going well. but they seem a little nervous. this is to be expected. as i set the bar pretty high around here
dog_feelings,2019-05-22 23:42:43,i am happy to report. that my stuffed fren sebastian‚Äôs surgery was a success. he‚Äôs been prescribed lots of bed rest. which is perfect. i love bed rest
dog_feelings,2019-05-22 21:42:18,i was playing with my stuffed fren sebastian. when his arm fell all the way off. there‚Äôs no need to worry. because among many other things. my human is a surgeon
dog_feelings,2019-05-21 02:22:42,to be perfectly clear. i love you
dog_feelings,2019-05-16 22:37:54,sometimes. the human needs a break from the world. so i grab my leash. drop it in their hand. and we take a walk. where all we have to focus on. is putting one paw in front of the other
dog_feelings,2019-05-15 12:48:04,gooooob morning. it is way too early to be conscious. but we must persevere. because i have to pee
dog_feelings,2019-05-13 17:21:46,the small neighbor human. has been teaching me how to roll over. but i usually stop halfway. this is the belly rub toll. and i will not complete the trick. until it is paid
dog_feelings,2019-05-11 01:17:03,the human is going out tonight. to see some of their frens. which is fine. i‚Äôll be okay by myself. i totally didn‚Äôt wanna cuddle. until we both fall asleep
dog_feelings,2019-05-08 17:20:39,we were at the store today. and i found a stuffed penguin that i really fancied. i tried to carry it out. but was stopped before the exit. i am not a criminal. i just have no money
dog_feelings,2019-05-05 22:47:21,i‚Äôm a simple pup. i don‚Äôt need much. just your attention at all times. and for everyone i ever meet to love me a whole bunch
dog_feelings,2019-05-02 15:56:31,i know you have a lot going on right now. so i just want to say. i think you‚Äôre doing great
dog_feelings,2019-04-29 12:48:49,gooooob morning. the human is working from home today. but i require attention. so i‚Äôm going to sit in their lap. and randomly press buttons on their computer. until they give up
dog_feelings,2019-04-27 19:26:55,WE ARE GOING TO THE BEACH. I CAN SMELL THE OCEAN. I‚ÄôM GOING TO EAT THE SAND
dog_feelings,2019-04-26 16:01:22,RT @dog_rates: I met @Hozier at a dog rescue https://t.co/JtrS3Ghr9B
dog_feelings,2019-04-24 16:04:16,"i made more love cards. this time they‚Äôre for mother‚Äôs day. because moms are special. i hope you like them

https://t.co/yhAbwIkQRo https://t.co/J9fz67EMF1"
dog_feelings,2019-04-23 18:35:06,i‚Äôve been lying in the same spot. for several hours. some may think i‚Äôm lazy. but i bet they‚Äôve never been so focused. on a skittle under a fridge
dog_feelings,2019-04-22 13:18:13,gooooob morning. the human made me a pancake. in the shape of a heart. it tasted similar to a circle pancake. but meant a lot more
dog_feelings,2019-04-20 17:24:20,if you see me sitting outside a store. being all good. while my human shops inside. you must come pat my noggin. that‚Äôs the law
dog_feelings,2019-04-16 18:44:22,if someone could hold me for a bit. that‚Äôd be nice
dog_feelings,2019-04-15 12:57:32,gooooob morning. i walked the small neighbor human. to the bus at the end of the street again. but this time. before they got on. they knelt down and promised. they‚Äôd be back before i knew it
dog_feelings,2019-04-13 17:18:57,whenever i do a little jog. the tags on my collar start to jingle. this signals to my surroundings. that the goodness approaches
dog_feelings,2019-04-12 01:55:31,i am snuggling with my stuffed fren sebastian. and the human is snuggling with me. according to the transitive property of snugs. the human is also snuggling sebastian
dog_feelings,2019-04-11 16:01:40,"RT @dog_rates: This is Cricket. Back in September, you guys raised all the money for his surgery. I finally got to meet him and his friends‚Ä¶"
dog_feelings,2019-04-10 02:14:16,the human likes to cover my eyes with my ears. and pretend there‚Äôs been a power outage. i go along with this. because it makes them very happy
dog_feelings,2019-04-08 12:40:23,gooooob morning. i‚Äôm going to need a lot of attention today. i can just tell
dog_feelings,2019-04-04 17:51:22,nobody ever told me. when you wake up from a nap. you can immediately start another one. that was something i figured out. all by myself
dog_feelings,2019-04-02 01:04:44,"i wasn‚Äôt a good dog today

april fools. i was so good"
dog_feelings,2019-03-31 21:33:43,occasionally. the freezer will provide crunch water. this is way better than regular water. because of the crunch
dog_feelings,2019-03-29 22:00:17,me and my stuffed fren sebastian. are heading to the movies. because there's a very special film. about an elephant named #dumbo. who looks just like sebastian. and is almost as magical #ad
dog_feelings,2019-03-27 12:41:44,gooooob morning. i am already tangled. in the cords behind the couch. please set the household alert level to dark grey. and note that i‚Äôm requesting immediate assistance
dog_feelings,2019-03-27 01:00:59,i‚Äôve been thinking about it a lot. and i love you
dog_feelings,2019-03-20 04:17:09,the human is fast asleep. but i jumped on their bed. and cuddled close. to remind them that i love them. because the nighttime is long. and i‚Äôm worried they might forget
dog_feelings,2019-03-18 12:30:00,gooooob morning. at some point today i'm going to wink at the human. but i will do it very quickly. and only once. so they spend all week wondering if it actually happened
dog_feelings,2019-03-16 19:52:45,we were in the car. stopped at a grey light. when i accidentally dropped my stuffed fren sebastian out the window. the human saved him. and as far as i could tell. nobody in the cars around us. seemed to mind the delay
dog_feelings,2019-03-13 19:50:28,the small neighbor human. stopped by the house after school. i guess they hate a thing called math. and really needed to tell someone. as long as they don‚Äôt stop petting me. i am a fabulous listener
dog_feelings,2019-03-11 17:47:08,apparently. we lost an entire hour of sleep the other night. which is rude. so to get my revenge. i will be sleeping all day every day. for the rest of the year
dog_feelings,2019-03-07 18:18:30,my stuffed fren sebastian. is a little shy. but he wanted me to tell you. he thinks you‚Äôre doing great
dog_feelings,2019-03-05 03:33:58,hi. if you would like to cuddle. i certainly wouldn‚Äôt oppose
dog_feelings,2019-03-02 20:23:48,WE ARE AT THE PARK. BUT THE HUMAN SAYS IT‚ÄôS TIME TO LEAVE. WHICH DOESN‚ÄôT MAKE SENSE. BECAUSE THEY CAN‚ÄôT CATCH ME
dog_feelings,2019-02-28 00:52:47,today the sun shined for the first time in a while. so i spent the evening outside. rolling on my back and kicking the air. to show my appreciation. and my pizzazz
dog_feelings,2019-02-26 14:24:48,gooooob morning. i‚Äôm so glad you‚Äôre awake. an urgent matter requires your immediate attention. it‚Äôs me
dog_feelings,2019-02-25 17:16:14,i‚Äôm going to take my nap. but the household must remain protected. so i left sebastian. and a few other stuffed frens. right at the front door. to guard against any intruders
dog_feelings,2019-02-22 13:33:37,gooooob morning. i would like a pancake
dog_feelings,2019-02-20 18:50:45,when i run through the house. with paws full of mud. please remember. i am making art. i am an artist
dog_feelings,2019-02-18 17:58:04,i‚Äôm sorry i forgot to say gooooob morning. i woke up. and was immediately distracted by everything
dog_feelings,2019-02-16 04:07:02,i had been asleep several hours. when the human decided to wake me up with a hug. that‚Äôs no problem. it‚Äôs what i‚Äôm here for
dog_feelings,2019-02-14 16:27:59,on our walk today. we passed the cutest pup in the world. i was too scared to say anything. and just kept walking. but i‚Äôm telling everyone. i have a valentine
dog_feelings,2019-02-13 02:27:17,i will love you. for all eternity. and in return. could you please wipe away my eye boogers
dog_feelings,2019-02-11 21:56:23,i have a meeting very shortly. with my stuffed fren sebastian. to go over the dangers of raisins. but my ear just turned inside out. and he can‚Äôt see me like this
dog_feelings,2019-02-10 17:16:00,there was a sandwich. on the edge of the counter. and now there isn‚Äôt. those are all the details. we can confirm so far. the piece of lettuce on my nose. is purely circumstantial
dog_feelings,2019-02-08 02:01:47,oh don‚Äôt mind me. i just love you
dog_feelings,2019-02-06 19:26:29,the commercial on the tv. made a doorbell noise. i know deep down it wasn‚Äôt my doorbell. but. there‚Äôs no harm in making sure
dog_feelings,2019-02-06 17:30:48,"RT @dog_rates: WE MADE A GAME! üé≤

It‚Äôs like a dog show but each of the 45 dogs has 6 characteristics (floof, boopability, etc.) plus an ove‚Ä¶"
dog_feelings,2019-02-05 14:21:16,gooooob morning. be sure to start your day with a stretchum. maybe even a wiggle. now you‚Äôre ready for anything. the haters won‚Äôt know what hit them
dog_feelings,2019-02-03 01:00:30,"the human has a new fren coming over tonight. and i‚Äôve prepared. a simple entrance survey for them

6. do you like me
c. how much do you like me
2. do you jump in puddles
a. i like to jump in puddles
b. can i lick your ear
3. do you like me
7. i‚Äôm already licking your ear"
dog_feelings,2019-01-31 14:40:30,gooooob morning. i am making the executive decision. that it is too cold. to do anything at all today. secure a cuddle buddy. and recommence your snoozles
dog_feelings,2019-01-30 04:24:38,i fell asleep with my tongue out. and the human decided to poke it. i should really know better by now. they do that every time
dog_feelings,2019-01-28 17:07:52,"i made you three love cards. and a pack of love stickers. to give to anyone you want. you could also keep them. and pretend they‚Äôre from me

‚á® https://t.co/HazNaLlJVq https://t.co/bGEOnxQUsw"
dog_feelings,2019-01-27 21:24:09,WE‚ÄôRE GOING TO THE PARK. AND I‚ÄôM BRINGING MY STUFFED FREN SEBASTIAN. AND I‚ÄôM GOING TO SHOW HIM. TO EVERYBODY
dog_feelings,2019-01-25 18:07:25,ibuprofen. is just evil skittles. please feel better carbon https://t.co/MMkh67Yfdz
dog_feelings,2019-01-23 02:35:04,i‚Äôve been talking a lot. with my stuffed fren sebastian. and we strongly believe. that cuddles are crucial. and should be distributed bountifully
dog_feelings,2019-01-21 16:15:00,sometimes. i'll lean against your leg. and it's not because. i'm afraid to lose my balance. it's just that. i'm afraid to lose you
dog_feelings,2019-01-14 17:43:25,i just found out. that not everything is about me. and i‚Äôm devastated. to say the least
dog_feelings,2019-01-13 03:49:21,the human went out tonight. and i hope they‚Äôre having fun. but i can‚Äôt fall asleep. until they‚Äôve returned safe and sound. so for the sake of my snoozle. please hurry home
dog_feelings,2019-01-09 14:29:03,sometimes. when i first wake up. i can‚Äôt open my eyes all the way. but i‚Äôm still excited for what the day could bring. so i pair the squint. with a little smile. while the household recognizes its king
dog_feelings,2019-01-08 23:19:41,tonight is a very big night. i scheduled a playdate. with the neighbor pup. and after i introduce them. to my stuffed fren sebastian. we‚Äôre going to watch the skittle under the fridge. together
dog_feelings,2019-01-07 14:24:18,gooooob morning. the human is off to do. whatever they do to provide for us. and i am off. to wiggle around on my back a bit. we both contribute in our own way
dog_feelings,2019-01-03 19:55:10,i found a really good stick. but i chewed it too hard. and it broke in half. which was disappointing until i realized. now i have two sticks. today has been. an emotional roller coaster
dog_feelings,2019-01-02 21:31:44,it‚Äôs time to say goodbye. to my tree fren steven. so we took down his lights. and all his special orbs. the human says he‚Äôll be back soon. but it‚Äôs still okay to be sad. which is comforting. because that‚Äôs exactly what i am
dog_feelings,2019-01-01 15:17:54,gooooob morning. i was told that this year. is the year of the belly rub. please don‚Äôt look that up. you can trust me
dog_feelings,2019-01-01 03:11:36,my new year‚Äôs resolution. is to find a way. to love you more
dog_feelings,2019-01-01 01:40:17,RT @dog_rates: The Dogs of 2018 https://t.co/vxbahkstHe
dog_feelings,2018-12-28 16:47:52,i was lying on the couch. all snuggled up with the human. when they got up and left the room. it‚Äôs like they don‚Äôt know. that without attention. i will explode
dog_feelings,2018-12-25 13:34:28,gooooob morning. there is a box. underneath my tree fren steven. that smells like peanut butter. i am trying my best. to remain calm. but i think it‚Äôs for me
dog_feelings,2018-12-25 01:37:58,i forgot to tell the human. what i wanted for christmas. but that‚Äôs okay. it‚Äôs hard to wrap a hug
dog_feelings,2018-12-23 04:07:03,i helped put tiny lights. all around my tree fren steven. and now that it‚Äôs nighttime. he is fabulous
dog_feelings,2018-12-20 03:07:25,there is a tree. growing inside the house. it wasn‚Äôt here earlier. but it‚Äôs here now. the human doesn‚Äôt seem concerned. so i think its our family now. he will be my veggie fren. and i shall call him steven
dog_feelings,2018-12-18 16:15:44,some things in life. just aren‚Äôt fair. for example. i keep having to scoot over. to stay in the path of this sunbeam. shining through the window
dog_feelings,2018-12-15 22:13:32,the human just came home. smelling like another dog. this isn‚Äôt a problem. i‚Äôm totally not upset. if anybody needs me. i‚Äôll be over here. wondering what i ever did to deserve this
dog_feelings,2018-12-13 14:45:03,gooooob morning. i think. you‚Äôre gonna do great today
dog_feelings,2018-12-12 02:28:14,the human seems distracted. so i put my paw on their knee. and now they know. that whatever it is. we‚Äôre in it together
dog_feelings,2018-12-10 22:20:17,i have a toy that looks like a cupcake. and sometimes. i squeak it very loud. for a very long time. i don‚Äôt mean to be annoying. i was in the zone
dog_feelings,2018-12-07 22:26:43,THE GARAGE DOOR IS OPENING. THE HUMAN IS HOME. THE WEEKEND HAS BEGUN. PLEASE HELP. I CAN‚ÄôT STOP SPINNING
dog_feelings,2018-12-07 02:54:42,my stuffed fren sebastian. is being washed as we speak. the time apart can be lonely. but i can be patient. for when he emerges from the dryer. he‚Äôll be super toasty
dog_feelings,2018-12-05 22:32:38,my reflection has never fooled me. that couldn‚Äôt be another dog. nobody else. is so good looking
dog_feelings,2018-12-03 14:07:43,gooooob morning. i spotted the human. secretly putting a piece of pancake in my bowl. so the next time i get a drink. boom. surprise pancake. i am eternally grateful
dog_feelings,2018-12-01 01:32:15,the human was planning on going out tonight. but i sat in front of the door. and made eye contact once. so now we‚Äôre watching movies
dog_feelings,2018-11-28 19:54:21,i was only outside for a minute. when a snowflake landed on my nose. i hurried inside. to show my stuffed fren sebastian. but by the time i found him. my wintery pal was gone
dog_feelings,2018-11-28 03:30:48,i have performed my final security lap. around the household. i‚Äôm happy to report. snoozles are a go
dog_feelings,2018-11-27 13:46:29,gooooob morning. i don‚Äôt mean to alarm anyone. but i‚Äôm feeling great
dog_feelings,2018-11-25 18:21:44,sometimes. i lie down during a walk. and refuse to get up. so the human has no choice. but to spend more time with me
dog_feelings,2018-11-22 17:34:43,the household is filled. with so many smells. ready your tippy taps. today has potential
dog_feelings,2018-11-21 15:42:34,gooooob morning. our walk was very chilly. but i wasn‚Äôt bothered. because i wore a jacket. and it had hedgehogs on it
dog_feelings,2018-11-20 23:00:00,every time the human comes home. i must be ready with a gift. most of the time they return unexpectedly. and i panic. so the gift is almost always. whatever is closest to me
dog_feelings,2018-11-20 00:41:47,one of my biggest goals. is to eat a leaf. during the nighttime. this is known as a dark crunch. and it‚Äôs very advanced
dog_feelings,2018-11-16 19:05:11,i have asked the human. to clear their schedule https://t.co/1LFv7e3j6A
dog_feelings,2018-11-15 02:47:45,i may have already mentioned this. but i love you
dog_feelings,2018-11-13 13:34:25,gooooob morning. i helped walk the small neighbor human. to the bus at the end of the street. i tried to get on with them. but was quickly denied. they know that with an education. i‚Äôd be too powerful
dog_feelings,2018-11-11 19:41:17,the human has spent all day. organizing yard leaves into one big pile. i can only assume. it‚Äôs so i can jump in it
dog_feelings,2018-11-09 22:25:55,my ball rolled under the couch. and i cannot reach it. the human has been informed of the issue. and reminded. that my problems. are their problems
dog_feelings,2018-11-08 00:06:31,you‚Äôre wrong. one day you‚Äôll have a dog. and they‚Äôll be special in their own ways. they might have a stuffed fren. or like to hop in puddles. you might even have a skittle under the fridge. but they‚Äôll do many other things. that‚Äôs why they‚Äôll be yours. that‚Äôs why you‚Äôll love them https://t.co/osUrG6emFA
dog_feelings,2018-11-06 15:00:36,i took a little trip. to the school down the road. and waited very patiently. as the human checked some boxes. to try and change the world
dog_feelings,2018-11-04 02:01:42,rumor has it. we get an extra hour to snoozle tonight. i can‚Äôt wait to tell my stuffed fren sebastian. this magical news. he‚Äôs going to be so excited
dog_feelings,2018-11-01 17:45:42,i accidentally dropped my ball. in my water bowl. technically making a soup. i am an innovator
dog_feelings,2018-10-31 14:56:09,gooooob morning. it is the spooky day
dog_feelings,2018-10-29 03:59:52,hi. it‚Äôs me again. i love you
dog_feelings,2018-10-26 02:06:05,if you‚Äôre packing to go somewhere. and leave your suitcase open. i‚Äôm allowed to climb inside. and then you have to take me with you. it‚Äôs the law
dog_feelings,2018-10-25 15:34:09,gooooob morning. you can do it. but if you need help. i‚Äôm just a noggin pat away
dog_feelings,2018-10-23 02:10:41,if your day didn‚Äôt go well. that‚Äôs perfectly fine. because now you get to dream. and who knows what could happen. i hope i dream i‚Äôm a penguin. so i can zoom on my belly
dog_feelings,2018-10-21 21:20:31,today was pumpkin carving day. and i was given. my very own little pumpkin. but i got too attached to it. and when it was time to carve. i didn‚Äôt let anyone near it. i saved it from the knife. and in the pumpkin realm. i am a hero
dog_feelings,2018-10-18 16:31:58,sometimes. i‚Äôll get really feisty. and nibble on the human‚Äôs sleeve. to remind them i am a descendant. of the mighty wolf
dog_feelings,2018-10-17 14:09:43,gooooob morning. i wanted to wake up earlier. but i forgot why. so i didn‚Äôt
dog_feelings,2018-10-16 02:13:37,one time. i was having a nightmare. and the human noticed. so they held my paw. to make sure i knew. everything was going to be okay
dog_feelings,2018-10-14 01:37:07,the nights are getting colder. and i think it would really improve. my quality of snoozle. if you tucked me into bed
dog_feelings,2018-10-12 18:35:13,gunner. listen closely. cancer doesn‚Äôt stand a chance against you https://t.co/eMIefgcdhg
dog_feelings,2018-10-11 18:38:22,it is not the taste of the leaves. that intrigues me. it is the crunch
dog_feelings,2018-10-09 23:33:31,exactly one year ago. a package arrived for me. and little did i know. that inside. would be the very best stuffed fren. anyone could ever ask for. happy birthday sebastian
dog_feelings,2018-10-08 14:12:49,gooooob morning. it is a new day. a new chance. for you to change the world. i would do it myself. but then who would watch the skittle. under the fridge
dog_feelings,2018-10-05 22:38:56,the human has only smiled once today. it was when i rolled over. with my feets in the air. and sneezed. it wasn‚Äôt on purpose. but they seemed to really enjoy it. so since then. i‚Äôve been lying on my back. desperately trying to sneeze
dog_feelings,2018-10-05 17:22:23,do not underestimate. the healing power. of a stuffed fren https://t.co/ps4ZjRFlYN
dog_feelings,2018-10-04 18:32:35,i have locked myself in the bathroom. do not ask me how it happened. because i don‚Äôt have that information. hopefully. my stuffed fren sebastian. has already called. the proper authorities
dog_feelings,2018-10-03 21:03:13,over the summer. the human tried to grow tomatoes in the backyard. but every so often. i would sneak over. and graze on them. like a brontosaurus
dog_feelings,2018-10-01 22:57:55,the small neighbor human. wants to learn how to take a pup on a walk. it was determined. that i am the perfect candidate. to show them how it‚Äôs done.. we‚Äôve gone up and down our little street. several times. and have only gotten super tangled once. so it‚Äôs going really well
dog_feelings,2018-09-27 22:02:12,i was outside. minding my own business. when a leaf fell on my noggin. i will consider it my crown. and i will rule these lands benevolently
dog_feelings,2018-09-27 03:17:49,i am exhausted. and if it‚Äôs okay with you. i‚Äôd like to redeem. this all-inclusive ticket. to snoozle city
dog_feelings,2018-09-25 21:39:42,the human just got home. and once they are settled. i will carefully attempt. to remove a sock from their foot. using the most delicate of nibbles. so they know i missed them
dog_feelings,2018-09-22 21:08:49,the human has guests coming over this evening. and my plan. is to introduce. each and every one of them. to my stuffed fren sebastian. everybody loves my stuffed fren sebastian
dog_feelings,2018-09-21 18:31:05,you‚Äôre not alone doby. i get anxious when the human leaves too. let‚Äôs put you back together https://t.co/mzruA0851F
dog_feelings,2018-09-20 00:39:57,if you don‚Äôt mind. i‚Äôm gonna love you a whole lot
dog_feelings,2018-09-18 19:28:47,a lot of things in life are unpredictable. but not the skittle under the fridge. it just sits there. and i just watch it
dog_feelings,2018-09-17 13:50:26,gooooob morning. i met a little turtle on our walk. they were very busy. and i only got to say hi. before they returned to important work. inside their shell
dog_feelings,2018-09-16 01:04:59,the human just took a picture of me. from really up close. which makes the picture look. like i took it myself. they find this very funny
dog_feelings,2018-09-13 18:48:35,sometimes. i‚Äôm inside. and want to go outside. but as soon as the human opens the door. i change my mind. this is not my fault. i am a fluid. yet increasingly complicated soul
dog_feelings,2018-09-12 14:28:10,gooooob morning. today is full of possibilities. maybe i‚Äôll do things. or maybe i won‚Äôt
dog_feelings,2018-09-11 01:46:41,i just hopped in a puddle. during the nighttime. this is called a dark splash. and i am fearless
dog_feelings,2018-09-09 20:53:43,the sports are happening. and based on the human‚Äôs reactions. they are happening well. but also not well sometimes
dog_feelings,2018-09-07 23:47:11,i hope the human. is in the mood for a hug. because i could really use one
dog_feelings,2018-09-06 13:47:41,gooooob morning. i had a dream. that i was chasing my tail. and started spinning so fast. i went back in time. and high-fived a dinosaur
dog_feelings,2018-09-04 18:53:21,a human is at the door with a package. i know i‚Äôm supposed to bork around. perhaps even cause a rumpus. but they‚Äôre just doing their job. and i‚Äôm kind of tired. so i‚Äôll just wiggle a bit. and smile through the window. to thank them for the gift
dog_feelings,2018-09-03 16:12:01,sometimes. i wonder if there‚Äôs more to life. than being ridiculously good-looking
dog_feelings,2018-09-01 16:16:42,every time i get brushed. i have to take my collar off. the human always laughs. and says that i‚Äôm naked. but joke‚Äôs on them. i‚Äôm very confident in my body
dog_feelings,2018-08-30 00:45:24,if you‚Äôre ever sad. or in desperate need of snugs. do not worry. because i‚Äôll come find you. and you bet. i‚Äôm bringing my stuffed fren sebastian with me
dog_feelings,2018-08-27 14:07:55,gooooob morning. the human is trying to leave. but i‚Äôm touching them. faster than they can use a lint roller
dog_feelings,2018-08-26 16:14:46,"today is #NationalDogDay. and according to me. i get three wishes. they are as follows:

7. catch tail. but in front of a crowd
c. a nice belly rub 
2. peanut butter pancakes for dinner"
dog_feelings,2018-08-25 15:35:46,i brought my stuffed fren sebastian. with me on our walk this morning. but then i found a really nice stick. and i couldn‚Äôt carry both. so i kept sebastian. and let the human carry the stick. they seem annoyed. but actually they love me
dog_feelings,2018-08-24 16:25:53,i really like your jacket jenny. you can have my knee. until yours is fixed https://t.co/ETfsYKJJHH
dog_feelings,2018-08-23 23:36:29,sometimes. i hear my fren bork. so i start borking. even if i have no idea what i‚Äôm borking about. you cannot convince me. i‚Äôm not helping
dog_feelings,2018-08-22 18:12:17,i just woke up. from my early afternoon snoozle. which means we‚Äôre not far away. from the midafternoon snoozle. but i may have to reschedule. the pre-evening snoozle. i‚Äôm just too busy
dog_feelings,2018-08-22 01:38:34,today. was a very long day. but sometimes. long days are necessary. and if they end. with me in your lap. well then i think everything is gonna be alright
dog_feelings,2018-08-20 13:20:42,"we have a predicament. i just watched the small neighbor human. skip down the street. and get on board. the biggest yellow car i have ever seen

where are they taking them? why wasn‚Äôt i invited? did they remember to pack. enough snacks for the day? are they ever. coming back?"
dog_feelings,2018-08-20 01:18:58,there‚Äôs a super cozy blanket. that the human and i. both really like. i think i should get to use it tonight. and the human thinks. they should get to use it tonight. so we comprimised. and now i‚Äôm super cozy
dog_feelings,2018-08-18 16:13:08,we had a big adventure planned for today. but the sky droplets just won‚Äôt stop. so i think we‚Äôll watch a movie. and cuddle so close. we become. a single entity
dog_feelings,2018-08-17 16:00:26,a shaved butt is a confident look. and bowie. you pull it off so well https://t.co/hhREjNPBzU
dog_feelings,2018-08-16 21:19:56,the small neighbor human. is hanging outside with some ice cream. and it is melting. way faster than it is being eaten. the only real solution here. is for me to trot over and help
dog_feelings,2018-08-15 19:37:08,it is difficult. to perform a good sit. when my feets keep sliding away from me. this is why. i believe the entire household. should be carpeted. thank you for your time
dog_feelings,2018-08-14 14:00:17,gooooob morning. before the human left. to do whatever they do. they gave my fren and i. a longer hug than usual. i‚Äôm not sure what was on their mind. but it‚Äôs certainly gone now. because our long hugs. are very powerful
dog_feelings,2018-08-12 23:58:12,if i happen. to lie down on your foot. you‚Äôre not allowed to move. you should feel honored
dog_feelings,2018-08-11 03:58:33,the human said. they might make pancakes in the morning. so the faster i fall asleep. the sooner i get a pancake. as you can imagine. it‚Äôs hard to snoozle. under so much pressure
